Name,Term,ES,NES,NOM p-val,FDR q-val,FWER p-val,Tag %,Gene %,Lead_genes
gsea,HALLMARK_TNFA_SIGNALING_VIA_NFKB,0.7329744175519078,2.823723276430006,0.0,0.0,0.0,96/198,9.04%,FOS;DUSP1;ZFP36;FOSB;JUN;JUNB;IER2;EGR1;SOCS3;KLF6;RHOB;SAT1;NAMPT;IL1B;NFKBIA;PPP1R15A;CEBPD;AREG;G0S2;TRIB1;NR4A2;DUSP2;EIF1;PER1;EGR3;KLF4;CXCL2;TNFAIP3;NFIL3;CCNL1;HBEGF;CCL5;CD69;KLF2;KLF9;BCL2A1;ATF3;ID2;EGR2;MAFF;GPR183;PTGS2;MAP3K8;YRDC;CDKN1A;FOSL1;LDLR;CEBPB;IER3;CXCL1;CD83;MCL1;NR4A1;PLAUR;BTG2;CXCL3;SLC2A3;PLK2;SERPINB2;PFKFB3;BCL6;HES1;PHLDA1;TNFAIP6;IL18;IL7R;TIPARP;MYC;DUSP5;NR4A3;IRS2;CCL4;NINJ1;CLCF1;RELB;BHLHE40;SDC4;VEGFA;NFKB2;ETS2;PHLDA2;SOD2;SPSB1;PTX3;CCL20;TNFSF9;IRF1;TUBB2A;IL23A;KDM6B;SLC2A6;PLEK;CSF1;ZBTB10;SGK1;EHD1
gsea,HALLMARK_HYPOXIA,0.5771756617234722,2.5063425675304556,0.0,0.0,0.0,56/173,11.78%,FOS;DUSP1;ZFP36;GAPDH;JUN;KLF6;PPP1R15A;PRDX5;SAP30;TNFAIP3;ADM;NFIL3;DDIT4;S100A4;ATF3;MAFF;PLAC8;JMJD6;CDKN1A;ISG20;IER3;MT2A;PIM1;CXCR4;TPI1;PLAUR;SLC2A3;LDHA;NDST1;PFKFB3;PLIN2;GRHPR;ALDOA;ANXA2;DDIT3;TIPARP;ALDOC;IRS2;ADORA2B;TMEM45A;BHLHE40;SDC4;VEGFA;TPD52;SIAH2;LXN;B3GALT6;GLRX;GALK1;SLC25A1;PYGM;SLC2A5;P4HA2;ENO2;F3;CAVIN3
gsea,HALLMARK_OXIDATIVE_PHOSPHORYLATION,0.5625199946454739,2.364331783149006,0.0,0.0,0.0,83/199,14.97%,ATP5MC2;COX6B1;NDUFB3;COX7C;TCIRG1;COX8A;UQCR10;ATP5MF;ECH1;MRPS15;UQCR11;UQCRH;COX4I1;TIMM8B;GPX4;ATP5F1E;SLC25A6;COX7A2;NDUFA2;COX6A1;NDUFA1;TIMM50;ATP5PO;COX5B;LDHA;SLC25A3;SLC25A5;COX17;ATP6V1F;ACAA2;UQCRC1;NDUFS8;NDUFA4;NDUFB8;ACAA1;COX6C;UQCRFS1;NDUFB7;ATP5F1B;COX7B;ATP5F1D;MRPL34;NDUFAB1;CYCS;ATP6V1D;GRPEL1;ISCU;ATP5PF;NDUFB5;UQCRB;RHOT2;NDUFS6;NDUFB4;NDUFV2;HSD17B10;NDUFA7;HTRA2;ETFDH;LDHB;ATP6V0C;SDHB;NDUFB2;ATP5ME;SDHC;OXA1L;NDUFA3;NDUFV1;NDUFS7;MDH1;ATP5PD;CYC1;NDUFC1;ETFB;NDUFC2;POLR2F;PHB2;UQCRQ;MTX2;NQO2;MPC1;IDH3B;ATP6V1E1;FDX1
gsea,HALLMARK_CHOLESTEROL_HOMEOSTASIS,0.6001761337596416,2.2718922416328726,0.0,0.0,0.0,33/68,16.48%,S100A11;NFIL3;CLU;FDPS;ATF3;ECH1;LDLR;ACTG1;PLAUR;PCYT2;STARD4;ABCA2;TM7SF2;IDI1;CYP51A1;ALDOC;NIBAN1;SQLE;FBXO6;LGALS3;ETHE1;DHCR7;LGMN;MVD;STX5;ATF5;FASN;GSTM2;TRIB3;FDFT1;ERRFI1;PMVK;PLSCR1
gsea,HALLMARK_P53_PATHWAY,0.48429546683705627,2.217502055662135,0.0,0.0,0.0,74/190,22.67%,FOS;JUN;SAT1;PPP1R15A;S100A10;RACK1;KLF4;RPS12;CTSD;HBEGF;PLK3;DDIT4;S100A4;ATF3;CD81;RPL36;UPP1;CDKN1A;IER3;ZBTB16;TCN2;RPL18;BTG2;ALOX15B;HRAS;SOCS1;PLK2;RAD51C;ADA;DDIT3;ST14;TSPYL2;RALGDS;NINJ1;FAS;CCND3;ISCU;TNFSF9;TGFB1;BAIAP2;VWA5A;LDHB;RRAD;CDKN2B;PDGFA;IFI30;VAMP8;MAPKAPK3;EPS8L2;FDXR;MXD1;CD82;TRIB3;TAP1;TAX1BP3;PERP;HSPA4L;RGS16;DEF6;TSC22D1;BMP2;IL1A;PTPN14;HINT1;AEN;DDB2;NUDT15;SLC7A11;BTG1;ANKRA2;CDK5R1;FGF13;ITGB4;STOM
gsea,HALLMARK_UV_RESPONSE_UP,0.4995186826148941,2.162287292459934,0.0,0.0,0.0,70/146,25.55%,FOS;FOSB;JUNB;RHOB;NFKBIA;CXCL2;ATF3;NR4A1;BTG2;TUBA4A;MAOA;AP2S1;ATP6V1F;NXF1;PPIF;ALDOA;KLHDC3;ACAA1;PDAP1;PSMC3;PRKCD;BSG;DNAJB1;NAT1;GRPEL1;CCND3;PPP1R2;SOD2;DDX21;IRF1;RASGRP1;RRAD;FKBP4;STARD3;CDKN2B;CLTB;GRINA;CDC34;ENO2;SELENOW;CCNE1;ABCB1;TAP1;CNP;DGAT1;TMBIM6;SULT1A1;GGH;HSPA2;BMP2;SQSTM1;FEN1;SHOX2;TYRO3;MARK2;BTG1;APOM;ATP6V1C1;MAPK8IP2;UROD;HLA-F;SLC6A8;CHRNA5;IGFBP2;FURIN;IL6;PARP2;ARRB2;DNAJA1;RXRB
gsea,HALLMARK_INFLAMMATORY_RESPONSE,0.5057630442138652,2.0741533205166234,0.0,0.0,0.0,85/180,22.56%,CXCL8;KLF6;NAMPT;IL1B;NFKBIA;CD55;ADM;EREG;HBEGF;CCL5;CD69;RHOG;TIMP1;GPR183;IRF7;CDKN1A;EMP3;RGS1;LDLR;PTGER2;NLRP3;FPR1;PLAUR;BTG2;IL10;LCK;FFAR2;GNA15;CCR7;SRI;TNFAIP6;IL18;IL7R;STAB1;MYC;ADORA2B;GPR132;PROK2;SCN1B;ADRM1;CCL20;TNFSF9;IRF1;RASGRP1;IL1R1;SLC31A2;IL18RAP;KCNJ2;CSF1;AQP9;OLR1;SLC28A2;SLAMF1;MARCO;F3;MXD1;RELA;C5AR1;CD82;EDN1;ICOSLG;C3AR1;OSM;SLC1A2;RGS16;LTA;EBI3;GABBR1;ITGA5;PTAFR;CD70;IFNGR2;IL1A;CCRL2;LY6E;CXCR6;PDE4B;SLC11A2;HRH1;ITGB8;RIPK2;NMI;CD40;ICAM4;SGMS2
gsea,HALLMARK_EPITHELIAL_MESENCHYMAL_TRANSITION,0.4345481302902234,2.041715424992785,0.0,0.0,0.0,71/170,32.16%,CXCL8;JUN;RHOB;SAT1;FN1;AREG;VIM;TNFAIP3;LGALS1;ID2;CAPG;TIMP1;EMP3;MYL9;IL32;CXCL1;PLAUR;THBS1;TPM4;BASP1;FAS;SDC4;VEGFA;PTX3;GREM1;HTRA1;TGFB1;CALD1;P3H1;COL6A2;TPM2;SERPINH1;FSTL1;ENO2;GADD45B;SERPINE2;CD59;IGFBP4;ITGA5;IGFBP3;LOXL2;COL1A1;FERMT2;CADM1;PDGFRB;FSTL3;MYLK;SLC6A8;PLOD3;INHBA;IGFBP2;CRLF1;IL6;ADAM12;FBN1;OXTR;MATN2;PCOLCE2;COL6A3;COL1A2;COL4A1;PDLIM4;CXCL6;TNC;ITGA2;MMP2;ITGB3;NNMT;FGF2;ECM2;COMP
gsea,HALLMARK_COMPLEMENT,0.4579792335873677,2.008851057009112,0.0,0.0,0.0,76/184,17.91%,FN1;S100A12;CD55;TNFAIP3;S100A9;CTSD;CCL5;RHOG;CLU;GZMA;SERPINA1;GZMK;TIMP1;MAFF;IRF7;GZMB;CEBPB;PIM1;CXCL1;PFN1;CDA;PLAUR;PPP4C;PSMB9;GNAI2;CALM3;SERPINB2;ANG;MSRB1;LCK;HSPA1A;DUSP5;CASP4;PRKCD;LTF;F5;LGALS3;STX4;GNGT2;MMP8;FCER1G;IRF1;LGMN;GCA;RASGRP1;PLEK;SIRT6;SPOCK2;EHD1;GNB2;OLR1;LAP3;WAS;ATOX1;CASP9;APOBEC3G;C1QA;CALM1;CASP5;GATA3;RABIF;F3;DPP4;C1QC;DOCK9;CFH;KIF2A;FDX1;CSRP1;CD59;CFB;PLSCR1;C1R;GP9;PPP2CB;KLK1
gsea,HALLMARK_ALLOGRAFT_REJECTION,0.4617235152525573,2.0032557669942626,0.0,0.0,0.0,91/184,30.68%,RPS19;IL1B;RPS9;ITGB2;EREG;SPI1;CCL5;GZMA;CAPG;RPS3A;TIMP1;CFP;IRF7;GZMB;HLA-A;BCAT1;GBP2;EIF5A;NME1;MMP9;NLRP3;PSMB10;CD2;CD3D;PRF1;SOCS1;CD7;ELANE;ZAP70;IL10;SRGN;PF4;LCK;RPL9;IL18;STAB1;IFNG;SIT1;CXCR3;CCL4;NCF4;RPL39;FAS;CCND3;CD247;TPD52;PTPN6;TGFB1;CD96;IL18RAP;CSF1;IL7;BCL10;WAS;IL27RA;CD8B;NCR1;CD8A;AKT1;HLA-E;KLRD1;IL12RB1;ICOSLG;TAP1;CD3E;IL12A;IFNGR2;LTB;FGR;CCR2;RIPK2;CD40;CCR5;INHBA;CXCL9;IL2RA;CRTAM;DEGS1;IL6;CD28;EIF3D;MRPL3;TLR3;TRAF2;IL4R;FASLG;TGFB2;TAPBP;UBE2N;CD80;INHBB
gsea,HALLMARK_APOPTOSIS,0.476549482444635,1.990950864387095,0.0,0.0,0.0,50/155,16.63%,JUN;RHOB;SAT1;IL1B;ANXA1;EGR3;EREG;CD69;CLU;IFITM3;ATF3;TIMP1;CDKN1A;ISG20;GPX4;TSPO;IER3;MCL1;HMGB2;CD2;PRF1;BTG2;GNA15;DDIT3;IL18;LMNA;WEE1;CASP4;CDC25B;LGALS3;FAS;SOD2;IRF1;RHOT2;GUCY2D;BCL10;CASP9;DIABLO;ENO2;GSTM1;FDXR;PPP2R5B;RELA;TAP1;GADD45B;FEZ1;CTH;BMP2;IL1A;SQSTM1
gsea,HALLMARK_REACTIVE_OXYGEN_SPECIES_PATHWAY,0.5333027879121619,1.9645238789903507,0.0,0.0,0.0,18/49,14.17%,JUNB;FTL;TXN;GPX4;PDLIM1;EGLN2;G6PD;FES;PRDX6;PRDX2;SBNO2;SOD2;NDUFB4;GLRX;ATOX1;PTPA;HMOX2;PRDX4
gsea,HALLMARK_PROTEIN_SECRETION,-0.48335344807174296,-1.8557091398586356,0.0,0.022340425531914895,0.025,52/92,24.74%,ADAM10;PPT1;STX7;RPS6KA3;TMED10;CLTC;DST;M6PR;MON2;VPS45;ARFIP1;COG2;IGF2R;LAMP2;CTSC;ABCA1;SCAMP1;SEC31A;ARFGEF2;TMX1;AP3B1;ARFGAP3;CLCN3;RAB14;KIF1B;LMAN1;SNX2;AP2B1;DNM1L;ARCN1;VAMP4;ARFGEF1;RAB22A;SEC22B;KRT18;STX16;VAMP3;ATP7A;SNAP23;MAPK1;STX12;TOM1L1;ANP32E;CLN5;SCRN1;AP1G1;VAMP7;DOP1A;ZW10;SEC24D;BET1;RAB2A
gsea,HALLMARK_ESTROGEN_RESPONSE_LATE,0.43068252170751725,1.8476251344913632,0.0,0.0,0.0,63/170,21.60%,FOS;ZFP36;AREG;FKBP5;DUSP2;EGR3;KLF4;S100A9;SERPINA1;ID2;IMPA2;ISG20;CLIC3;GPER1;NXT1;PPIF;COX6C;BLVRB;ST14;TFF3;LTF;CKB;XBP1;DHCR7;PTPN6;MAPK13;SIAH2;LLGL2;FKBP4;SGK1;XRCC3;ETFB;ITPK1;STIL;TSPAN13;CDC20;GINS2;SLC1A4;SLC2A8;FDFT1;GALE;SLC7A5;PERP;LSR;HSPA4L;BATF;IGFBP4;CXCL14;CISH;PLXNB1;ACOX2;ABCA3;ST6GALNAC2;PRKAR2B;CDC6;ANXA9;PLK4;CPE;HPRT1;CACNA2D2;NBL1;GLA;FOXC1
gsea,HALLMARK_COAGULATION,0.4560007293070114,1.8375534683820773,0.0,0.0,0.0,61/107,30.86%,FN1;ANXA1;CLU;SERPINA1;TIMP1;MAFF;MMP9;THBS1;RAC1;SERPINB2;ANG;PF4;SIRT2;MMP8;ISCU;WDR1;HTRA1;LGMN;P2RY1;PLEK;GNB2;OLR1;CASP9;MST1;C1QA;RABIF;F3;DPP4;CFH;CSRP1;CFB;C1R;PROS1;CAPN2;ACOX2;GP9;SH2B2;DUSP14;TF;THBD;PLAT;GSN;APOA1;SERPING1;C8G;FURIN;F2RL2;LTA4H;APOC1;CTSB;ARF4;FBN1;RAPGEF3;PROC;PDGFB;A2M;ITGA2;MMP2;F12;C1S;ITGB3
gsea,HALLMARK_IL2_STAT5_SIGNALING,0.42972170895073775,1.785472642634497,0.0,0.0007692307692307692,0.01,72/193,20.47%,IL1R2;KLF6;RHOB;ARL4A;NFIL3;IFITM3;NFKBIZ;CAPG;MAFF;CD81;GABARAPL1;MAP3K8;GPX4;CST7;RHOH;PTGER2;PIM1;CD83;GSTO1;SLC39A8;SLC2A3;SOCS1;IL10;ITGA6;PLIN2;PHLDA1;MYC;COCH;GUCY1B1;TNFRSF4;PDCD2L;XBP1;BHLHE40;CCND3;FAH;PLEC;MUC1;RNH1;PNP;DCPS;MAPKAPK2;IKZF2;CSF1;DHRS3;LRIG1;ITGAE;EOMES;AHCY;PRKCH;PRAF2;TNFRSF18;MXD1;CTLA4;ANXA4;CCNE1;ABCB1;GADD45B;TNFRSF21;CD79B;RGS16;BATF;PLPP1;BMP2;PLSCR1;SPRED2;BATF3;CISH;CCR4;CDC6;LTB;UCK2;GBP4
gsea,HALLMARK_IL6_JAK_STAT3_SIGNALING,0.42425232501062105,1.7804474382568882,0.0,0.0007211538461538462,0.01,37/82,33.78%,JUN;IL1R2;SOCS3;IL1B;MAP3K8;PIM1;CXCL1;CXCL3;SOCS1;PF4;FAS;MYD88;IRF1;TYK2;TGFB1;IL1R1;CSF1;IL7;STAT3;IL12RB1;TNFRSF21;EBI3;IFNGR2;LTBR;LTB;IRF9;CXCL9;IL2RA;IL6;CSF2RB;IL4R;HAX1;A2M;ITGB3;IL9R;CD14;PIK3R5
gsea,HALLMARK_KRAS_SIGNALING_UP,0.3945516928891367,1.7776092668561638,0.0,0.0006787330316742081,0.01,77/171,40.02%,IL1B;PPP1R15A;G0S2;TRIB1;MAFB;KLF4;TNFAIP3;ITGB2;EREG;HBEGF;ID2;PPBP;PTGS2;YRDC;PSMB8;MMP9;CXCR4;PLAUR;SPRY2;SLPI;IL7R;ADAM8;GNG11;TRIB2;SCN1B;LAPTM5;FCER1G;GYPC;CCL20;GADD45G;F13A1;CBX8;GLRX;VWA5A;ARG1;TFPI;TSPAN13;CFH;ABCB1;ALDH1A2;C3AR1;RGS16;CFB;BMP2;IGFBP3;CPE;LY96;PLAT;ACE;IL1RL2;RBP4;INHBA;TRAF1;BPGM;MMD;KIF5C;SPON1;ERO1A;RBM4;HKDC1;SEMA3B;PRELID3B;ITGA2;NAP1L2;ETV1;SPP1;FGF9;PLEK2;BIRC3;LIF;RETN;MALL;PLVAP;PRKG2;AKAP12;MAP4K1;MMP11
gsea,HALLMARK_INTERFERON_GAMMA_RESPONSE,0.4366968761628584,1.7468975682795869,0.009708737864077669,0.000641025641025641,0.01,82/195,24.90%,SOCS3;IFITM2;ARL4A;NAMPT;NFKBIA;VAMP5;TNFAIP3;CCL5;CD69;IFITM3;GZMA;PTGS2;UPP1;IRF7;HLA-A;CDKN1A;ISG20;MT2A;PSMB8;PIM1;SECTM1;FCGR1A;UBE2L6;FPR1;PSMB10;ITGB7;PSMB9;SOCS1;MVP;HELZ2;PSME2;IFI35;SRI;HLA-B;TNFAIP6;RBCK1;CASP4;AUTS2;FAS;SOD2;MYD88;GPR18;IRF1;PTPN6;LYSMD2;PNP;CD274;PSMA2;NLRC5;IL7;RNF31;PSME1;LAP3;STAT3;IFI30;ARID5B;VAMP8;OAS3;SLC25A28;ISG15;CFH;TAP1;PSMB2;CFB;PLSCR1;C1R;LY6E;PDE4B;IFI27;GBP4;P2RY14;BTG1;RIPK2;NMI;CD40;ISOC1;SERPING1;IRF9;MTHFD2;CXCL9;BPGM;IL6
gsea,HALLMARK_FATTY_ACID_METABOLISM,0.3825199535832179,1.7249543018312605,0.0,0.0024291497975708503,0.04,46/137,21.55%,S100A10;G0S2;LGALS1;ECH1;TP53INP2;GABARAPL1;UBE2L6;LDHA;MAOA;ACAA2;KMT5A;GRHPR;ALDOA;VNN1;ACAA1;ACSL1;IDI1;PCBD1;PRDX6;OSTC;HSD17B10;ETFDH;GSTZ1;SDHC;CA4;PSME1;DHCR24;MDH1;HSP90AA1;FASN;ENO2;HPGD;BLVRA;ADSL;IL4I1;ALAD;IDH3B;BPHL;ADIPOR2;SDHA;REEP6;CPT1A;SUCLG1;ACADS;DECR1;UROD
gsea,HALLMARK_DNA_REPAIR,0.37875012297732996,1.6862121297725439,0.0,0.004038461538461538,0.06,56/148,27.72%,TAF10;GUK1;GPX4;NME1;CDA;POLR2J;EDF1;COX17;VPS28;DAD1;POLD1;ADA;BOLA2;APRT;NT5C;TYMS;POLE4;MRPL40;ADRM1;MPC2;POLD4;TAF9;PNP;SAC3D1;LIG1;NME4;ZWINT;TSG101;RAE1;SUPT4H1;NFX1;NELFE;ITPA;POLR2F;NME3;POLR2C;SNAPC5;FEN1;POLR1D;PDE4B;ERCC1;HPRT1;DDB2;TAF13;ELL;TK2;GTF2A2;BRF2;ELOA;ALYREF;GTF3C5;ERCC2;SURF1;GTF2H3;ADCY6;POLL
gsea,HALLMARK_MTORC1_SIGNALING,0.387565637221528,1.6693617964385628,0.0,0.004120879120879121,0.065,82/196,27.18%,GAPDH;NAMPT;PPP1R15A;NFIL3;ITGB2;DDIT4;CORO1A;CFP;BCAT1;CDKN1A;LDLR;CXCR4;SERP1;TPI1;BTG2;TUBA4A;SLC2A3;LDHA;STARD4;ALDOA;ARPC5L;NMT1;DDIT3;PDAP1;TM7SF2;G6PD;IDI1;CYP51A1;SLA;MLLT11;NIBAN1;SQLE;IFRD1;DDX39A;ATP6V1D;XBP1;BHLHE40;DHCR7;LGMN;PNP;PSMC2;GLRX;DHCR24;PPA1;SERPINH1;ACACA;IFI30;FDXR;SLC1A4;PLK1;FKBP2;TRIB3;MTHFD2L;QDPR;COPS5;PSAT1;ADIPOR2;TUBG1;SLC7A5;CTH;PFKL;SQSTM1;TOMM40;PSPH;ABCF2;HPRT1;SCD;CALR;GSR;PHGDH;SLC7A11;GLA;EBP;EGLN3;MTHFD2;EIF2S2;TXNRD1;RRM2;LTA4H;ERO1A;ELOVL6;ASNS
gsea,HALLMARK_ADIPOGENESIS,0.3577494865987089,1.6181143190102174,0.0,0.008129370629370629,0.115,84/189,36.53%,ARL4A;COX8A;UQCR10;UBC;ECH1;UQCR11;GPX4;DDT;CD151;COX6A1;PIM3;ATP5PO;UCP2;PFKFB3;ACAA2;BCL6;UQCRC1;TALDO1;PLIN2;ALDOA;NMT1;ESRRA;NDUFB7;COX7B;PPP1R15B;NDUFAB1;JAGN1;GRPEL1;NABP1;FAH;DNAJC15;ALDH2;DHCR7;TKT;VEGFB;SDHB;SDHC;DHRS7B;SLC25A1;ENPP2;CYC1;ETFB;SQOR;ANGPT1;UQCRQ;ITGA7;QDPR;ADIPOR2;DGAT1;SULT1A1;PFKL;PHLDB1;REEP6;CAVIN2;SUCLG1;LIPE;ACADS;DECR1;BCKDHA;MYLK;MCCC1;STOM;GPHN;DNAJB9;NKIRAS1;ABCB8;ORM1;COQ5;ELOVL6;ADCY6;STAT5A;COL4A1;MGLL;SOD1;RAB34;PPARG;LEP;NDUFS3;ITIH5;SORBS1;PRDX3;TOB1;CDKN2C;RETN
gsea,HALLMARK_XENOBIOTIC_METABOLISM,0.3565848128614115,1.5711190295319266,0.0,0.012040133779264215,0.155,65/159,36.81%,ID2;ECH1;SERTAD1;UPP1;GABARAPL1;BCAT1;TPST1;DDT;MT2A;PSMB10;CDA;SMOX;GSTO1;CES1;MAOA;PINK1;VNN1;NMT1;BLVRB;DDAH2;NINJ1;FAS;PTGDS;FAH;ETS2;ALDH2;LONP1;IL1R1;GNMT;ETFDH;ARG1;AQP9;AHCY;ABHD6;ARG2;SLC35B1;MAN1A1;BPHL;TMBIM6;CFB;IGFBP4;PDK4;PROS1;ACOX2;HPRT1;GSR;RBP4;PTGES;ACSM1;SLC22A1;CNDP2;PTS;PYCR1;HES6;DCXR;TGFB2;CYFIP2;CYP17A1;LEAP2;COMT;CYP1A1;AP4B1;GCKR;GSS;SERPINE1
gsea,HALLMARK_APICAL_JUNCTION,-0.3043406624684039,-1.53351303219956,0.014705882352941176,0.0800531914893617,0.15,166/166,98.97%,PTPRC;VCAN;TGFBI;ACTB;MSN;CTNND1;PTEN;ARHGEF6;ITGB1;JUP;MAPK14;VCL;SKAP2;SRC;MPZL2;PBX2;SYMPK;PECAM1;MYH9;CD86;SIRPA;TIAL1;ADAMTS5;NF1;CAP1;CTNNA1;RASA1;EPB41L2;CLDN4;MAP3K20;GNAI1;NEGR1;CLDN9;B4GALT1;SDC3;BMP1;PIK3CB;NLGN3;FYB1;AMH;AKT3;SYK;GAMT;COL17A1;LDLRAP1;SHC1;TSPAN4;YWHAH;EXOC4;IRS1;MAP4K2;NECTIN1;MYH10;VASP;VWF;PIK3R3;HADH;ICAM2;AKT2;GTF2F1;TAOK2;ITGA10;DLG1;CD209;ADAM9;EVL;CLDN7;ACTN4;LAMB3;JAM3;NF2;ICAM1;THBS3;WASL;MDK;NEXN;INSIG1;CADM2;TRO;CLDN11;CDH6;WNK4;CX3CL1;NRXN2;THY1;TJP1;TNFRSF11B;CRAT;PKD1;PTK2;CD276;DSC3;CLDN19;CDH1;PARD6G;CDH4;ACTA1;KCNH2;SPEG;SORBS3;CD34;CRB3;NFASC;CDH3;CDK8;LAMC2;NLGN2;SGCE;INPPL1;MPZL1;PCDH1;AMIGO1;PARVA;TSC1;VAV2;MMP2;ACTN1;ITGA3;ITGA2;DHX16;ADAM23;NRTN;TMEM8B;FBN1;IKBKG;NECTIN3;NECTIN4;TRAF1;AMIGO2;ITGB4;ICAM4;ATP1A3;ADAM15;MADCAM1;ITGA9;NECTIN2;RSU1;MAPK11;TUBG1;PLCG1;ICAM5;CERCAM;RHOF;MVD;CLDN15;CLDN5;CD274;BAIAP2;MAPK13;STX4;FSCN1;MYL12B;RRAS;LIMA1;CNN2;GNAI2;HRAS;ALOX15B;ZYX;ARPC2;MMP9;ACTG1;PFN1;RAC2;MYL9;CD99
gsea,HALLMARK_PANCREAS_BETA_CELLS,0.4039903705036592,1.5305591336626676,0.046296296296296294,0.016105769230769233,0.2,4/19,13.20%,MAFB;LMO2;DPP4;SRP14
gsea,HALLMARK_ANDROGEN_RESPONSE,-0.3537433415752906,-1.5269875479828185,0.010869565217391304,0.059574468085106386,0.17,40/91,30.11%,PIAS1;PTK2B;ELK4;STEAP4;RPS6KA3;XRCC5;NCOA4;ABHD2;HMGCR;SPCS3;CAMKK2;HERC3;TNFAIP8;MAF;APPBP2;PA2G4;GPD1L;ELOVL5;RAB4A;LMAN1;ITGAV;B2M;B4GALT1;CDK6;SORD;ABCC4;KRT8;SLC26A2;ZMIZ1;HOMER2;ANKH;TMEM50A;UBE2I;RRP12;CDC14B;SEC24D;PGM3;SMS;MAP7;PDLIM5
gsea,HALLMARK_ANGIOGENESIS,0.404521450282643,1.5019842841396918,0.03225806451612903,0.02007692307692308,0.255,17/30,33.73%,S100A4;TIMP1;PGLYRP1;PF4;VEGFA;OLR1;PDGFA;FSTL1;LRPAP1;TNFRSF21;THBD;PRG2;CXCL6;JAG1;VAV2;MSX1;SPP1
gsea,HALLMARK_UV_RESPONSE_DN,-0.303090695152241,-1.5009133504864651,0.01694915254237288,0.05398936170212766,0.195,65/135,32.97%,NOTCH2;CELF2;ATRX;TGFBR2;PTEN;ATP2B1;ATXN1;MAPK14;RXRA;DYRK1A;CDK13;IGF1R;NR3C1;AGGF1;NIPBL;PHF3;PIK3CD;MRPS31;ADD3;PRDM2;NEK7;SPOP;SDC2;CCN1;FYN;SCAF8;IGFBP5;TOGARAM1;ACVR2A;FZD2;LPAR1;ATP2B4;NRP1;SMAD3;SFMBT1;PMP22;ZMIZ1;MTA1;RASA2;RBPMS;SLC7A1;AKT3;MAGI2;TENT4A;DAB2;SMAD7;FBLN5;MIOS;SIPA1L1;BCKDHB;TGFBR3;YTHDC1;IRS1;GRK5;NFKB1;ABCC1;WDR37;DBP;ATRN;PDLIM5;ATP2C1;DMAC2L;LAMC1;PIK3R3;SYNE1
gsea,HALLMARK_MITOTIC_SPINDLE,-0.3444811066977431,-1.4956296117968402,0.0,0.04765957446808511,0.21,93/197,31.01%,NOTCH2;CDC42;TIAM1;MARCKS;DOCK2;FGD6;ABI1;NIN;HOOK3;TRIO;DST;SMC1A;LRPPRC;VCL;RABGAP1;DYNC1H1;BCL2L11;CCDC88A;STK38L;ITSN1;MYH9;NEDD9;AKAP13;RICTOR;ARHGAP5;NCK1;LMNB1;NF1;CEP192;KIF1B;PCNT;FLNB;SEPTIN9;TUBGCP3;RASA1;EPB41L2;CLASP1;FARP1;ARFGEF1;KLC1;KIFAP3;SOS1;ARHGEF3;CKAP5;CDC42EP1;DYNLL2;ATG4B;ARF6;LATS1;ARHGEF2;ARHGAP27;PREX1;FGD4;ARHGEF12;KNTC1;TUBGCP5;TLK1;CEP57;BRCA2;PKD2;RAPGEF6;ALMS1;APC;RASA2;PALLD;DOCK4;EPB41;KIF23;CLIP1;CSNK1D;CDC27;ARHGEF7;PXN;GEMIN4;CENPJ;MYO1E;BUB1;PAFAH1B1;CEP131;PCM1;FLNA;SMC4;STAU1;CNTRL;TUBGCP2;KIF20B;PPP4R2;MYH10;MID1IP1;PDLIM5;CDC42EP4;KIF3B;KATNA1
gsea,HALLMARK_HEDGEHOG_SIGNALING,-0.37157379405589025,-1.4859826235393254,0.02564102564102564,0.04095744680851064,0.22,9/29,26.05%,DPYSL2;RTN1;MYH9;NF1;RASA1;NRP1;CDK6;PTCH1;PML
gsea,HALLMARK_GLYCOLYSIS,0.33335686133853004,1.4798454470129396,0.0,0.023520710059171595,0.32,74/180,37.88%,SAP30;DDIT4;PKM;TXN;TPST1;ISG20;IER3;PGAM1;PGLS;CXCR4;TPI1;AKR1A1;LDHA;ANG;TALDO1;ALDOA;G6PD;RBCK1;TFF3;IRS2;ADORA2B;VEGFA;GMPPA;B3GALT6;GLRX;GMPPB;CHPF2;GALK1;FKBP4;DSC2;SDHC;B4GALT4;MDH1;B3GAT3;MERTK;P4HA2;ENO2;STMN1;CDK1;KIF2A;PPFIA4;GALE;XYLT2;GPC4;CTH;PAM;SPAG4;HMMR;B4GALT2;PPP2CB;NOL3;PYGB;IGFBP3;EGLN3;CHPF;TKTL1;SLC16A3;ERO1A;B4GALT7;RRAGD;PFKP;HAX1;B3GAT1;SOD1;BIK;ALDH7A1;CHST6;HDLBP;CHST2;PKP2;DCN;QSOX1;LDHC;DEPDC1
gsea,HALLMARK_MYOGENESIS,0.2924914238016749,1.4068116214650208,0.01818181818181818,0.04294871794871794,0.525,94/157,52.43%,HBEGF;CLU;FDPS;CDKN1A;PICK1;PDLIM7;TNNT1;KIFC3;ACSL1;SIRT2;CKB;IFRD1;BHLHE40;FOXO4;TGFB1;MYBPC3;MEF2D;COL6A2;PTP4A3;CTF1;TPM2;PYGM;TNNC2;LPIN1;OCEL1;SVIL;ITGA7;GABARAPL2;DMPK;PPFIA4;GADD45B;HDAC5;FKBP1B;PKIA;IGFBP3;GNAO1;LSP1;COL1A1;SCD;TNNI2;GSN;FLII;MAPK12;MYLK;PFKM;ITGB4;SLC6A8;SGCA;WWTR1;ADAM12;MYL4;BIN1;COL6A3;MRAS;AEBP1;TNNT3;FGF2;ATP2A1;ERBB3;BDKRB2;CASQ1;SORBS1;LAMA2;SSPN;COL4A2;SPHK1;CHRNG;NAV2;SORBS3;SPEG;KCNH2;CDH13;COL3A1;ACTA1;LDB3;FST;MAPRE3;SCHIP1;PGAM2;ENO3;CHRNA1;TPD52L1;COL15A1;MYO1C;TNNC1;TSC2;PC;AGRN;FXYD1;PLXNB2;CRAT;ACHE;CAMK2B;CNN3
gsea,HALLMARK_TGF_BETA_SIGNALING,0.3708605152677643,1.3896628298978226,0.044642857142857144,0.0478021978021978,0.575,20/53,36.81%,JUNB;PPP1R15A;ID2;THBS1;ID1;TGFB1;SPTBN1;BMPR1A;IFNGR2;BMP2;TGIF1;SMAD1;LTBP2;FURIN;WWTR1;PPP1CA;RAB31;BCAR3;NOG;SERPINE1
gsea,HALLMARK_PI3K_AKT_MTOR_SIGNALING,-0.33579831408069044,-1.3582710504786424,0.04854368932038835,0.1026595744680851,0.465,98/98,99.60%,SMAD2;ACTR2;HSP90B1;TIAM1;ACTR3;RPS6KA3;CLTC;PTEN;DAPP1;MAP2K3;PLCB1;GSK3B;MAP3K7;PIKFYVE;ITPR2;PRKAR2A;PAK4;NCK1;VAV3;YWHAB;RALB;NOD1;ATF1;GRB2;PRKCB;MAPK9;STAT2;MAPK1;CDK4;PLA2G12A;TBK1;RAF1;GRK2;RPS6KA1;CAB39L;CAB39;CAMK4;IL2RG;RIT1;PIK3R3;CDK2;IRAK4;E2F1;MKNK2;DUSP3;TNFRSF1A;PTPN11;FGF17;CDKN1B;MAPK8;UBE2D3;TSC2;RIPK1;GNA14;AKT1S1;MAP2K6;THEM4;PDK1;NFKBIB;FGF22;PPP2R1B;UBE2N;SLC2A1;PPP1CA;FASLG;TRAF2;SFN;RPTOR;ADCY2;MAPKAP1;CALR;SQSTM1;TRIB3;CDK1;EIF4E;PLCG1;PRKAG1;MKNK1;AKT1;MAPK10;ACACA;ECSIT;MYD88;ARF1;CSNK2B;AP2M1;SLA;DDIT3;CFL1;LCK;HRAS;RAC1;PIN1;ARHGDIA;CXCR4;PFN1;CDKN1A;ARPC3
gsea,HALLMARK_ESTROGEN_RESPONSE_EARLY,0.2920449331043671,1.2746581572165236,0.08860759493670886,0.10742705570291776,0.81,76/170,39.20%,FOS;AREG;FKBP5;EGR3;KLF4;CLIC3;NXT1;PPIF;HES1;BLVRB;TIPARP;MYC;TFF3;XBP1;BHLHE40;MUC1;DHCR7;SYNGR1;SIAH2;RASGRP1;MAST4;DHRS3;LRIG1;FKBP4;ITPK1;NADSYN1;FASN;MREG;SLC1A4;SVIL;UGCG;DEPTOR;FDFT1;INPP5F;SLC7A5;IGFBP4;FHL2;KDM4B;CISH;ABCA3;FCMR;ANXA9;KAZN;PODXL;NBL1;GLA;FOXC1;SEC14L2;SLC27A2;PTGES;MICB;SFN;RET;MPPED2;SEMA3B;SLC19A2;SLC2A1;RAB31;TMPRSS3;MAPT;SYT12;SULT2B1;INHBB;CCND1;DLC1;CALCR;SLC24A3;AR;RAB17;KCNK5;TTC39A;TOB1;WWC1;PDZK1;GREB1;NAV2
gsea,HALLMARK_G2M_CHECKPOINT,-0.2788078830365218,-1.2494307544897238,0.09523809523809523,0.19128989361702128,0.715,87/193,34.75%,NOTCH2;HNRNPU;G3BP1;RAD21;MARCKS;LIG3;ATRX;XPO1;PDS5B;NCL;MAPK14;HIF1A;HNRNPD;SMC1A;LBR;SYNCRIP;RPS6KA5;MTF2;PRMT5;PRPF4B;CTCF;SRSF1;GSPT1;CUL1;SMARCC1;ARID4A;LMNB1;NUP50;STAG1;CUL3;CHAF1A;CUL5;MAP3K20;PURA;CBX1;NASP;FOXN3;SRSF10;NSD2;SMAD3;CCNT1;TACC3;BRCA2;SNRPD1;DR1;SLC12A2;EZH2;SS18;CDK4;SLC7A1;AMD1;KIF23;NOLC1;CDC27;WRN;TENT4A;CASP8AP2;KNL1;HMGN2;EWSR1;SFPQ;PRIM2;BUB1;KPNB1;PAFAH1B1;PML;SMC4;YTHDC1;KIF20B;AURKB;CUL4A;SRSF2;E2F3;BCL3;ILF3;KATNA1;MCM2;CENPA;ORC5;MEIS1;MCM6;ODC1;MCM3;SMC2;ABL1;MKI67;CDC7
gsea,HALLMARK_MYC_TARGETS_V1,-0.32706552456456545,-1.2413263678401385,0.136,0.17624113475177303,0.715,95/195,33.17%,NAP1L1;PCBP1;HNRNPU;HNRNPA3;G3BP1;EIF4G2;CANX;CNBP;HNRNPC;PTGES3;HNRNPR;XPO1;ABCE1;SRSF3;HNRNPA2B1;FAM120A;HNRNPD;APEX1;SYNCRIP;PSMC6;TARDBP;SET;SF3B3;NPM1;SRSF1;DHX15;NCBP2;STARD7;HSP90AB1;GSPT1;CUL1;PA2G4;SMARCC1;HSPD1;HNRNPA1;FBL;SNRPB2;HDAC2;PCNA;NCBP1;TOMM70;SRSF7;PABPC4;CCT2;UBE2E1;XPOT;SERBP1;UBA2;RFC4;POLD2;GOT2;PSMA1;POLE3;MCM7;EIF1AX;PSMA4;SNRPD1;TCP1;CDK4;VDAC1;NOLC1;DDX18;NHP2;EIF3B;EIF2S1;EXOSC7;CCT3;RNPS1;MRPS18B;MRPL23;DUT;GNL3;SNRPA;KPNB1;ORC2;CTPS1;SSB;RSL1D1;AIMP2;PWP1;CCT7;SRSF2;PSMC4;PRPS2;CAD;IMPDH2;MCM2;HDDC2;NOP56;SNRPD2;PSMD1;PSMD14;ACP1;MCM6;ODC1
gsea,HALLMARK_UNFOLDED_PROTEIN_RESPONSE,-0.299741535855459,-1.2076851449682935,0.11864406779661017,0.19398936170212766,0.755,57/106,33.25%,HSP90B1;SSR1;EIF4A2;DCP2;SPCS3;CNOT2;CNOT4;NPM1;PDIA6;SEC31A;SEC11A;DNAJC3;TATDN2;HYOU1;MTREX;IFIT1;LSM4;DDX10;CNOT6;FUS;YWHAZ;ALDH18A1;SDAD1;XPOT;SPCS1;ATF6;HSPA9;IMP3;RPS14;PARN;NOLC1;EEF2;NHP2;EIF2S1;GEMIN4;PDIA5;CCL2;NOP14;SRPRB;SHC1;POP4;PREB;HSPA5;YIF1A;EDC4;DNAJA4;EXOSC4;KHSRP;WFS1;BANF1;EXOSC1;EXOSC10;NOP56;DCP1A;EXOSC2;NFYB;FKBP14
gsea,HALLMARK_APICAL_SURFACE,-0.3113871385218626,-1.1909477837426607,0.12962962962962962,0.19598646034816247,0.795,16/36,35.79%,ADAM10;SULF2;AKAP7;LYN;APP;MDGA1;B4GALT1;GAS1;ATP8B1;NCOA6;IL2RB;GHRL;IL2RG;DCBLD2;BRCA1;CRYBG1
gsea,HALLMARK_HEME_METABOLISM,-0.23502396048735083,-1.1473550445570277,0.17333333333333334,0.2327127659574468,0.855,188/188,99.44%,USP15;VEZF1;PICALM;CAST;NCOA4;BACH1;MAP2K3;RBM5;MXI1;RNF19A;GAPVD1;TRAK2;NR3C1;MKRN1;LAMP2;NUDT4;BNIP3L;SLC30A1;MBOAT2;KDM7A;FBXO7;LPIN2;NNT;TNRC6B;CLCN3;NEK7;EZH1;C3;SIDT2;KEL;XPO7;UROS;EIF2AK1;SEC14L1;AQP3;FOXO3;ARL2BP;TMEM9B;ARHGEF12;GCLC;ADD1;TCEA1;DAAM1;EPB41;TFRC;DCUN1D1;CDC27;CLIC2;BMP2K;TNS1;SNCA;FOXJ2;ATG4A;DCAF10;MINPP1;SLC10A3;CAT;ISCA1;SYNJ1;MOSPD1;SDCBP;MFHAS1;OSBP2;FECH;MPP1;PPOX;MGST3;GMPS;GLRX5;BTRC;NFE2L1;CCDC28A;GDE1;CPOX;ENDOD1;ELL2;HMBS;ALDH6A1;RIOK3;CDR2;CIR1;CA2;HDGF;RCL1;TRIM10;RAP1GAP;ABCG2;GYPB;SELENBP1;GYPA;PC;GYPE;ALDH1L1;TOP1;CTSE;RHCE;ABCB6;SPTA1;AHSP;FTCD;IGSF3;RNF123;BCAM;UBAC1;HTATIP2;TRIM58;ALAS2;CA1;ATP6V0A1;ACKR1;KAT2B;FBXO34;ADIPOR1;RANBP10;OPTN;GCLM;SLC25A38;SLC4A1;MOCOS;MARK3;SLC2A1;RHAG;RBM38;SPTB;GATA1;KLF3;ASNS;FN3K;MYL4;CTSB;ADD2;BPGM;TSPAN5;SLC6A8;ICAM4;HEBP1;UROD;ERMAP;SLC7A11;TMCC2;HBQ1;SLC11A2;PDZK1IP1;FBXO9;SLC66A2;TFDP2;KHNYN;AGPAT4;CTNS;ALAD;XK;RHD;TENT5C;PPP2R5B;BLVRA;PSMD9;TAL1;P4HA2;ACSL6;KLF1;DCAF11;ANK1;SLC22A4;PIGQ;ACP5;HTRA2;HAGH;EPOR;DMTN;LRP10;LMO2;GYPC;CCND3;RAD23A;HBD;NARF;PRDX2;BSG;SLC25A37;BLVRB;NFE2;UCP2;BTG2;SMOX;PGLS;YPEL5;E2F2;HBB
gsea,HALLMARK_WNT_BETA_CATENIN_SIGNALING,-0.294833336149166,-1.1412356358302171,0.2558139534883721,0.2239770867430442,0.865,19/40,30.05%,CCND2;NUMB;CUL1;TP53;HDAC2;DVL2;GNAI1;AXIN1;LEF1;DLL1;MAML1;RBPJ;NOTCH1;PTCH1;ADAM17;NCSTN;PSEN2;CTNNB1;KAT2A
gsea,HALLMARK_INTERFERON_ALPHA_RESPONSE,0.30467669403478653,1.1220167550672895,0.2727272727272727,0.29865384615384616,0.975,43/96,40.37%,IFITM2;IFITM3;IRF7;GBP2;ISG20;PSMB8;UBE2L6;PSMB9;HELZ2;PSME2;IFI35;OAS1;IRF1;CSF1;IL7;RNF31;PSME1;LAP3;MVB12A;IFI30;SLC25A28;ISG15;TAP1;UBA7;CNP;PLSCR1;CCRL2;LY6E;IFI27;GBP4;RIPK2;NMI;GMPR;IRF9;SP110;IL4R;C1S;NUB1;LGALS3BP;HLA-C;DHX58;CXCL11;RTP4
gsea,HALLMARK_PEROXISOME,0.27478613870813856,1.0945759616171762,0.30327868852459017,0.33573200992555835,0.99,43/94,51.20%,PRDX5;FDPS;ECH1;TSPO;HRAS;MVP;ACAA1;ACSL1;IDI1;FIS1;GSTK1;SOD2;DHRS3;BCL10;DHCR24;ABCB1;PABPC1;CDK7;HSD3B7;PEX13;ABCD1;ERCC1;CRABP2;CADM1;NUDT19;ISOC1;SLC27A2;ESR2;IDH2;ACSL5;ECI2;SULT2B1;SOD1;ACOT8;CEL;ALB;ABCB4;PEX14;DIO1;ERCC3;HSD11B2;GNPAT;CRAT
gsea,HALLMARK_E2F_TARGETS,-0.24559375086846685,-1.0745445927061166,0.1875,0.3047872340425532,0.95,90/197,34.47%,NAP1L1;PRKDC;LUC7L3;RAD21;XPO1;PDS5B;HNRNPD;SMC1A;TUBB;CSE1L;LBR;RBBP7;SYNCRIP;IPO7;CTCF;SRSF1;MRE11;GSPT1;NUP153;MSH2;PRPS1;PA2G4;LMNB1;STAG1;TP53;POLD3;PCNA;WDR90;RFC3;PSMC3IP;CBX5;PPM1D;CDCA8;PAN2;NASP;POLD2;PSIP1;PHF5A;RAD50;TACC3;MCM7;GINS3;BRCA2;NBN;NUP107;NUP205;EXOSC8;EZH2;MMS22L;DNMT1;ANP32E;CDK4;TFRC;NOLC1;EIF2S1;ATAD2;PPP1R8;NCAPD2;ZW10;NUDT21;SLBP;PRIM2;DCLRE1B;DUT;DIAPH3;ORC2;CTPS1;RAD1;PNN;SMC4;AK2;UBR7;MLH1;CHEK2;AURKB;DONSON;SRSF2;HELLS;PAICS;ILF3;MCM2;NOP56;MCM6;MCM3;RANBP1;BRCA1;RPA1;DLGAP5;XRCC6;MKI67
gsea,HALLMARK_KRAS_SIGNALING_DN,0.23775568326089197,1.0727887813468162,0.3218390804597701,0.36364182692307695,0.99,77/118,56.81%,NR4A2;ZBTB16;BTG2;SERPINB2;MAGIX;PTGFR;DTNB;IFNG;STAG3;PLAG1;SGK1;TCL1A;ABCB11;TENT5C;PDCD1;EDN1;MYO15A;THRB;SLC25A23;SHOX2;EGF;BARD1;LYPD3;CCDC106;KCNN1;ZC2HC1C;PRKN;CACNA1F;IGFBP2;NRIP2;OXT;GTF3C5;YPEL1;TCF7L1;DLK2;TGFB2;SELENOP;CD80;SPHK2;SIDT1;CHST2;NUDT11;FGF22;SLC29A3;ZNF112;UPK3B;CHRNG;CCNA1;RIBC2;TNNI3;NR6A1;KRT15;SLC5A5;GPRC5C;RYR2;GPR19;PNMT;PRODH;MTHFR;EFHD1;HNF1A;HSD11B2;PCDHB1;KRT5;SLC12A3;CPB1;CLPS;WNT16;CALCB;ARPP21;P2RX6;CLDN16;YBX2;PAX3;KRT1;GPR3;SYNPO
gsea,HALLMARK_NOTCH_SIGNALING,0.27120295753906737,0.996483592859032,0.4247787610619469,0.5057692307692309,1.0,16/31,62.53%,SAP30;HES1;PSENEN;FZD1;ARRB1;NOTCH3;PRKCA;DTX1;JAG1;CCND1;FZD7;ST3GAL6;HEYL;DTX2;DTX4;PPARD
gsea,HALLMARK_BILE_ACID_METABOLISM,0.24301821976395693,0.9267146841732199,0.6484848484848484,0.6429298642533936,1.0,40/94,35.59%,PRDX5;LCK;ABCA2;ACSL1;IDI1;CH25H;GSTK1;GNMT;AQP9;DHCR24;KLF1;FDXR;CYP46A1;PEX7;BMP6;PEX16;ABCA6;HSD3B7;PEX13;ABCA3;PXMP2;ABCD1;CYP7B1;LIPE;APOA1;ISOC1;PFKM;SLC27A2;IDH2;PECR;ACSL5;PIPOX;SULT2B1;SOD1;SLC22A18;AR;BCAR3;GCLM;OPTN;SLC23A1
gsea,HALLMARK_MYC_TARGETS_V2,0.22718787949830135,0.8240491204293535,0.8347107438016529,0.8444505494505494,1.0,27/57,61.18%,DUSP2;MYC;PPRC1;MAP3K6;IMP4;SRM;PLK1;EXOSC5;PLK4;MCM5;PPAN;SLC29A2;NOP16;HSPE1;NDUFAF4;NOC4L;PRMT3;UNG;DCTPP1;SLC19A1;MRTO4;UTP20;MCM4;RCL1;NIP7;RABEPK;RRP9
gsea,HALLMARK_SPERMATOGENESIS,0.1941953855344597,0.733598358820563,0.9047619047619048,0.9403846153846154,1.0,54/93,59.96%,ARL4A;TALDO1;DBF4;CCNB2;POMC;PGS1;SLC2A5;NCAPH;MLF1;GFI1;LPIN1;CDKN3;CDK1;CNIH2;HSPA4L;HSPA2;KIF2C;CLGN;ACE;ZC2HC1C;PHKG2;TTK;IL12RB2;TKTL1;SEPTIN4;PARP2;TLE4;GSG1;IFT88;NPHP1;VDAC3;RPL39L;CRISP2;LDHC;CCNA1;NEK2;TNNI3;TEKT2;SHE;SCG5;GAPDHS;GSTM3;AGFG1;ART3;CLVS1;DMC1;COIL;DDX25;YBX2;SCG3;ALOX15;PAPOLB;OAZ3;AURKA
